episode,episodes_aggregated,loss,loss_min,loss_max,loss_std,epoch
010938,010938,0.9429246187,0.5294507146,3.4448270798,0.2058640122,00
021876,010938,0.6318151355,0.2653249204,1.1089640856,0.1123971269,01
032814,010938,0.4292238355,0.1580116749,0.8376435041,0.0951722637,02
043752,010938,0.3361643553,0.0988574475,0.8409228921,0.0847072527,03
054690,010938,0.2878049910,0.0423185714,0.7934334278,0.0813039169,04
065628,010938,0.2556193769,0.0519806892,0.5999730825,0.0769291073,05
076566,010938,0.2312478870,0.0443897098,0.7203385830,0.0755901635,06
087504,010938,0.2115699649,0.0149267316,0.6054323912,0.0721708685,07
098442,010938,0.1978264451,0.0284301788,0.6998122931,0.0697167665,08
109380,010938,0.1832708418,0.0177848935,0.5064446926,0.0680330321,09
120318,010938,0.1724639237,0.0190459192,0.6199257374,0.0657365099,10
131256,010938,0.1623415351,0.0165441185,0.5943037868,0.0653212667,11
142194,010938,0.1529162973,0.0092584789,0.7698165178,0.0633348450,12
153132,010938,0.1439099312,0.0115048140,0.6285957098,0.0616362393,13
164070,010938,0.1367993057,0.0094325244,0.4924434125,0.0606337078,14
175008,010938,0.1296479702,0.0082056820,0.5197364092,0.0592851378,15
185946,010938,0.1242764071,0.0102202594,0.6716923714,0.0579025634,16
196884,010938,0.1189463288,0.0085535049,0.4440042973,0.0570172854,17
207822,010938,0.1143162027,0.0048572421,0.5276675224,0.0563470311,18
218760,010938,0.1087551117,0.0056709796,0.5883516073,0.0546197966,19
