episode,episodes_aggregated,loss,loss_min,loss_max,loss_std,epoch
010937,010937,0.8268910050,0.3916543722,3.3947439194,0.2309373766,00
021874,010937,0.5453270674,0.1547825634,1.1214401722,0.1193313673,01
032811,010937,0.3172975183,0.0629275292,0.8278738260,0.0906080380,02
043748,010937,0.2513916790,0.0493918210,0.6666289568,0.0802247897,03
054685,010937,0.2125366330,0.0260806978,0.6451483965,0.0742423981,04
065622,010937,0.1871877909,0.0170552135,0.6879826784,0.0719994158,05
076559,010937,0.1656555235,0.0140774399,0.5787312388,0.0688593090,06
087496,010937,0.1505389810,0.0129081011,0.5251621008,0.0645566359,07
098433,010937,0.1397744268,0.0096996874,0.4882447124,0.0614231154,08
109370,010937,0.1283809990,0.0047966540,0.5049472451,0.0601759553,09
120307,010937,0.1204045340,0.0066136420,0.5163547397,0.0577814542,10
131244,010937,0.1155167520,0.0034292340,0.9139622450,0.0591046512,11
142181,010937,0.1073262542,0.0039077103,0.5283823013,0.0555287264,12
153118,010937,0.1015762910,0.0018114448,0.5779081583,0.0534356311,13
164055,010937,0.0977196619,0.0034004003,0.5762280226,0.0530205816,14
174992,010937,0.0938519165,0.0021360219,0.6252391338,0.0519278608,15
185929,010937,0.0904457048,0.0015954375,0.5529602766,0.0518334620,16
196866,010937,0.0859081596,0.0006746352,0.4610083103,0.0501007214,17
207803,010937,0.0822908655,0.0019255877,0.4187100530,0.0486843325,18
218740,010937,0.0789375380,0.0006310791,0.4816783965,0.0485298745,19
